{
  "model": "CNN-LSTM",
  "target": "mood",
  "classes": [
    "happy",
    "neutral",
    "sad"
  ],
  "params": 50499,
  "train_seconds": 6.629729270935059,
  "accuracy": 0.964,
  "macro_f1": 0.9299556381692461,
  "weighted_f1": 0.9618688456027571,
  "macro_precision": 0.9650194250194252,
  "macro_recall": 0.9057311621966795,
  "roc_auc_ovr": 0.993653053270194,
  "confusion_matrix": [
    [
      77,
      0,
      0
    ],
    [
      1,
      21,
      7
    ],
    [
      0,
      1,
      143
    ]
  ],
  "per_class": {
    "happy": {
      "precision": 0.9871794871794872,
      "recall": 1.0,
      "f1": 0.9935483870967742
    },
    "neutral": {
      "precision": 0.9545454545454546,
      "recall": 0.7241379310344828,
      "f1": 0.8235294117647058
    },
    "sad": {
      "precision": 0.9533333333333334,
      "recall": 0.9930555555555556,
      "f1": 0.9727891156462585
    }
  },
  "val_best_loss": 0.08596591651439667
}