{
  "model": "CNN 1D",
  "target": "mood",
  "classes": [
    "happy",
    "neutral",
    "sad"
  ],
  "params": 17475,
  "train_seconds": 5.397644519805908,
  "accuracy": 0.96,
  "macro_f1": 0.9183040078201369,
  "weighted_f1": 0.9563916911045942,
  "macro_precision": 0.9761186525892409,
  "macro_recall": 0.8850574712643677,
  "roc_auc_ovr": 0.9988319343190847,
  "confusion_matrix": [
    [
      77,
      0,
      0
    ],
    [
      1,
      19,
      9
    ],
    [
      0,
      0,
      144
    ]
  ],
  "per_class": {
    "happy": {
      "precision": 0.9871794871794872,
      "recall": 1.0,
      "f1": 0.9935483870967742
    },
    "neutral": {
      "precision": 1.0,
      "recall": 0.6551724137931034,
      "f1": 0.7916666666666666
    },
    "sad": {
      "precision": 0.9411764705882353,
      "recall": 1.0,
      "f1": 0.9696969696969697
    }
  },
  "val_best_loss": 0.06856614351272583
}