{
  "model": "CNN-LSTM",
  "target": "disease",
  "classes": [
    "alzheimer",
    "brain_stroke",
    "brain_tumor",
    "epilepsy",
    "migraine",
    "none",
    "parkinson"
  ],
  "params": 447111,
  "train_seconds": 12.192573070526123,
  "accuracy": 0.444,
  "macro_f1": 0.2949481617073478,
  "weighted_f1": 0.4325751564593714,
  "macro_precision": 0.3362406776820471,
  "macro_recall": 0.3084553756696372,
  "roc_auc_ovr": 0.7332426344488604,
  "confusion_matrix": [
    [
      3,
      15,
      2,
      0,
      2,
      0,
      1
    ],
    [
      3,
      15,
      4,
      5,
      3,
      0,
      0
    ],
    [
      4,
      16,
      4,
      2,
      0,
      0,
      3
    ],
    [
      4,
      21,
      2,
      3,
      4,
      0,
      1
    ],
    [
      1,
      12,
      1,
      3,
      5,
      0,
      2
    ],
    [
      0,
      0,
      0,
      0,
      0,
      78,
      0
    ],
    [
      5,
      15,
      2,
      1,
      5,
      0,
      3
    ]
  ],
  "per_class": {
    "alzheimer": {
      "precision": 0.15,
      "recall": 0.13043478260869565,
      "f1": 0.13953488372093023
    },
    "brain_stroke": {
      "precision": 0.1595744680851064,
      "recall": 0.5,
      "f1": 0.24193548387096775
    },
    "brain_tumor": {
      "precision": 0.26666666666666666,
      "recall": 0.13793103448275862,
      "f1": 0.18181818181818182
    },
    "epilepsy": {
      "precision": 0.21428571428571427,
      "recall": 0.08571428571428572,
      "f1": 0.12244897959183673
    },
    "migraine": {
      "precision": 0.2631578947368421,
      "recall": 0.20833333333333334,
      "f1": 0.23255813953488372
    },
    "none": {
      "precision": 1.0,
      "recall": 1.0,
      "f1": 1.0
    },
    "parkinson": {
      "precision": 0.3,
      "recall": 0.0967741935483871,
      "f1": 0.14634146341463414
    }
  },
  "val_best_loss": 1.3406760692596436
}