{
  "model": "CNN-LSTM",
  "target": "disease",
  "classes": [
    "alzheimer",
    "brain_stroke",
    "brain_tumor",
    "epilepsy",
    "migraine",
    "none",
    "parkinson"
  ],
  "params": 570503,
  "train_seconds": 22.968303680419922,
  "accuracy": 0.448,
  "macro_f1": 0.2985201355270168,
  "weighted_f1": 0.43860609551330665,
  "macro_precision": 0.3170474220439034,
  "macro_recall": 0.30276594750682595,
  "roc_auc_ovr": 0.7334092895678498,
  "confusion_matrix": [
    [
      3,
      5,
      4,
      4,
      1,
      0,
      6
    ],
    [
      0,
      3,
      6,
      9,
      5,
      1,
      6
    ],
    [
      0,
      4,
      5,
      10,
      2,
      0,
      8
    ],
    [
      2,
      6,
      4,
      12,
      4,
      0,
      7
    ],
    [
      0,
      2,
      5,
      7,
      2,
      0,
      8
    ],
    [
      0,
      0,
      0,
      0,
      0,
      78,
      0
    ],
    [
      3,
      2,
      5,
      7,
      4,
      1,
      9
    ]
  ],
  "per_class": {
    "alzheimer": {
      "precision": 0.375,
      "recall": 0.13043478260869565,
      "f1": 0.1935483870967742
    },
    "brain_stroke": {
      "precision": 0.13636363636363635,
      "recall": 0.1,
      "f1": 0.11538461538461539
    },
    "brain_tumor": {
      "precision": 0.1724137931034483,
      "recall": 0.1724137931034483,
      "f1": 0.1724137931034483
    },
    "epilepsy": {
      "precision": 0.24489795918367346,
      "recall": 0.34285714285714286,
      "f1": 0.2857142857142857
    },
    "migraine": {
      "precision": 0.1111111111111111,
      "recall": 0.08333333333333333,
      "f1": 0.09523809523809523
    },
    "none": {
      "precision": 0.975,
      "recall": 1.0,
      "f1": 0.9873417721518988
    },
    "parkinson": {
      "precision": 0.20454545454545456,
      "recall": 0.2903225806451613,
      "f1": 0.24
    }
  },
  "val_best_loss": 0.8998732566833496
}