{
  "model": "CNN-LSTM",
  "target": "disease",
  "classes": [
    "alzheimer",
    "brain_stroke",
    "brain_tumor",
    "epilepsy",
    "migraine",
    "none",
    "parkinson"
  ],
  "params": 570503,
  "train_seconds": 15.626332521438599,
  "accuracy": 0.42,
  "macro_f1": 0.2069012618668025,
  "weighted_f1": 0.3635818258660875,
  "macro_precision": 0.20157089961162183,
  "macro_recall": 0.2701567583555161,
  "roc_auc_ovr": 0.7272996941739891,
  "confusion_matrix": [
    [
      1,
      21,
      0,
      1,
      0,
      0,
      0
    ],
    [
      3,
      22,
      0,
      4,
      0,
      1,
      0
    ],
    [
      1,
      24,
      0,
      3,
      0,
      1,
      0
    ],
    [
      2,
      29,
      0,
      4,
      0,
      0,
      0
    ],
    [
      2,
      17,
      0,
      4,
      0,
      1,
      0
    ],
    [
      0,
      0,
      0,
      0,
      0,
      78,
      0
    ],
    [
      4,
      24,
      0,
      3,
      0,
      0,
      0
    ]
  ],
  "per_class": {
    "alzheimer": {
      "precision": 0.07692307692307693,
      "recall": 0.043478260869565216,
      "f1": 0.05555555555555555
    },
    "brain_stroke": {
      "precision": 0.16058394160583941,
      "recall": 0.7333333333333333,
      "f1": 0.2634730538922156
    },
    "brain_tumor": {
      "precision": 0.0,
      "recall": 0.0,
      "f1": 0.0
    },
    "epilepsy": {
      "precision": 0.21052631578947367,
      "recall": 0.11428571428571428,
      "f1": 0.14814814814814814
    },
    "migraine": {
      "precision": 0.0,
      "recall": 0.0,
      "f1": 0.0
    },
    "none": {
      "precision": 0.9629629629629629,
      "recall": 1.0,
      "f1": 0.9811320754716981
    },
    "parkinson": {
      "precision": 0.0,
      "recall": 0.0,
      "f1": 0.0
    }
  },
  "val_best_loss": 0.9872632622718811
}