{
  "model": "CNN-LSTM",
  "target": "disease",
  "classes": [
    "alzheimer",
    "brain_stroke",
    "brain_tumor",
    "epilepsy",
    "migraine",
    "none",
    "parkinson"
  ],
  "params": 570503,
  "train_seconds": 15.513062238693237,
  "accuracy": 0.4,
  "macro_f1": 0.20970575519988957,
  "weighted_f1": 0.365204238562717,
  "macro_precision": 0.19036221430410813,
  "macro_recall": 0.2453436547032606,
  "roc_auc_ovr": 0.7169909983888961,
  "confusion_matrix": [
    [
      0,
      4,
      12,
      7,
      0,
      0,
      0
    ],
    [
      0,
      5,
      13,
      12,
      0,
      0,
      0
    ],
    [
      0,
      10,
      11,
      7,
      0,
      1,
      0
    ],
    [
      0,
      11,
      16,
      6,
      0,
      2,
      0
    ],
    [
      0,
      7,
      7,
      9,
      0,
      1,
      0
    ],
    [
      0,
      0,
      0,
      0,
      0,
      78,
      0
    ],
    [
      0,
      11,
      9,
      11,
      0,
      0,
      0
    ]
  ],
  "per_class": {
    "alzheimer": {
      "precision": 0.0,
      "recall": 0.0,
      "f1": 0.0
    },
    "brain_stroke": {
      "precision": 0.10416666666666667,
      "recall": 0.16666666666666666,
      "f1": 0.1282051282051282
    },
    "brain_tumor": {
      "precision": 0.16176470588235295,
      "recall": 0.3793103448275862,
      "f1": 0.2268041237113402
    },
    "epilepsy": {
      "precision": 0.11538461538461539,
      "recall": 0.17142857142857143,
      "f1": 0.13793103448275862
    },
    "migraine": {
      "precision": 0.0,
      "recall": 0.0,
      "f1": 0.0
    },
    "none": {
      "precision": 0.9512195121951219,
      "recall": 1.0,
      "f1": 0.975
    },
    "parkinson": {
      "precision": 0.0,
      "recall": 0.0,
      "f1": 0.0
    }
  },
  "val_best_loss": 0.9647529125213623
}