{
  "model": "CNN-LSTM",
  "target": "disease",
  "classes": [
    "alzheimer",
    "brain_stroke",
    "brain_tumor",
    "epilepsy",
    "migraine",
    "none",
    "parkinson"
  ],
  "params": 447111,
  "train_seconds": 10.31880497932434,
  "accuracy": 0.404,
  "macro_f1": 0.24450709066792667,
  "weighted_f1": 0.39615478886301236,
  "macro_precision": 0.26223990512375356,
  "macro_recall": 0.2587485109928957,
  "roc_auc_ovr": 0.7305441563977094,
  "confusion_matrix": [
    [
      5,
      1,
      6,
      2,
      0,
      0,
      9
    ],
    [
      8,
      1,
      7,
      4,
      2,
      0,
      8
    ],
    [
      7,
      1,
      5,
      3,
      1,
      0,
      12
    ],
    [
      13,
      1,
      3,
      5,
      2,
      0,
      11
    ],
    [
      4,
      0,
      8,
      1,
      0,
      0,
      11
    ],
    [
      0,
      0,
      1,
      0,
      0,
      77,
      0
    ],
    [
      11,
      2,
      7,
      2,
      1,
      0,
      8
    ]
  ],
  "per_class": {
    "alzheimer": {
      "precision": 0.10416666666666667,
      "recall": 0.21739130434782608,
      "f1": 0.14084507042253522
    },
    "brain_stroke": {
      "precision": 0.16666666666666666,
      "recall": 0.03333333333333333,
      "f1": 0.05555555555555555
    },
    "brain_tumor": {
      "precision": 0.13513513513513514,
      "recall": 0.1724137931034483,
      "f1": 0.15151515151515152
    },
    "epilepsy": {
      "precision": 0.29411764705882354,
      "recall": 0.14285714285714285,
      "f1": 0.19230769230769232
    },
    "migraine": {
      "precision": 0.0,
      "recall": 0.0,
      "f1": 0.0
    },
    "none": {
      "precision": 1.0,
      "recall": 0.9871794871794872,
      "f1": 0.9935483870967742
    },
    "parkinson": {
      "precision": 0.13559322033898305,
      "recall": 0.25806451612903225,
      "f1": 0.17777777777777778
    }
  },
  "val_best_loss": 1.3324384689331055
}