{
  "model": "Transformer Encoder",
  "target": "disease",
  "classes": [
    "alzheimer",
    "brain_stroke",
    "brain_tumor",
    "epilepsy",
    "migraine",
    "none",
    "parkinson"
  ],
  "params": 11175,
  "train_seconds": 10.073980569839478,
  "accuracy": 0.44,
  "macro_f1": 0.2812647010107801,
  "weighted_f1": 0.4077944042008479,
  "macro_precision": 0.27412136725899594,
  "macro_recall": 0.3093725026887478,
  "roc_auc_ovr": 0.7486611798187888,
  "confusion_matrix": [
    [
      4,
      1,
      2,
      0,
      7,
      0,
      9
    ],
    [
      3,
      4,
      7,
      0,
      5,
      1,
      10
    ],
    [
      2,
      3,
      4,
      0,
      7,
      2,
      11
    ],
    [
      4,
      4,
      5,
      0,
      10,
      2,
      10
    ],
    [
      0,
      3,
      4,
      0,
      8,
      0,
      9
    ],
    [
      0,
      0,
      0,
      0,
      0,
      78,
      0
    ],
    [
      2,
      5,
      2,
      0,
      7,
      3,
      12
    ]
  ],
  "per_class": {
    "alzheimer": {
      "precision": 0.26666666666666666,
      "recall": 0.17391304347826086,
      "f1": 0.21052631578947367
    },
    "brain_stroke": {
      "precision": 0.2,
      "recall": 0.13333333333333333,
      "f1": 0.16
    },
    "brain_tumor": {
      "precision": 0.16666666666666666,
      "recall": 0.13793103448275862,
      "f1": 0.1509433962264151
    },
    "epilepsy": {
      "precision": 0.0,
      "recall": 0.0,
      "f1": 0.0
    },
    "migraine": {
      "precision": 0.18181818181818182,
      "recall": 0.3333333333333333,
      "f1": 0.23529411764705882
    },
    "none": {
      "precision": 0.9069767441860465,
      "recall": 1.0,
      "f1": 0.9512195121951219
    },
    "parkinson": {
      "precision": 0.19672131147540983,
      "recall": 0.3870967741935484,
      "f1": 0.2608695652173913
    }
  },
  "val_best_loss": 1.3022642135620117
}