{
  "model": "DNN Baseline",
  "target": "disease",
  "classes": [
    "alzheimer",
    "brain_stroke",
    "brain_tumor",
    "epilepsy",
    "migraine",
    "none",
    "parkinson"
  ],
  "params": 47495,
  "train_seconds": 4.714618444442749,
  "accuracy": 0.436,
  "macro_f1": 0.29305042164982187,
  "weighted_f1": 0.4296039547331153,
  "macro_precision": 0.29845456131170417,
  "macro_recall": 0.304911994299098,
  "roc_auc_ovr": 0.742645123382245,
  "confusion_matrix": [
    [
      9,
      2,
      4,
      5,
      2,
      0,
      1
    ],
    [
      11,
      7,
      3,
      6,
      1,
      0,
      2
    ],
    [
      4,
      8,
      3,
      6,
      4,
      0,
      4
    ],
    [
      10,
      3,
      5,
      5,
      10,
      0,
      2
    ],
    [
      3,
      5,
      3,
      8,
      4,
      0,
      1
    ],
    [
      0,
      0,
      0,
      0,
      0,
      78,
      0
    ],
    [
      7,
      8,
      3,
      6,
      4,
      0,
      3
    ]
  ],
  "per_class": {
    "alzheimer": {
      "precision": 0.20454545454545456,
      "recall": 0.391304347826087,
      "f1": 0.26865671641791045
    },
    "brain_stroke": {
      "precision": 0.21212121212121213,
      "recall": 0.23333333333333334,
      "f1": 0.2222222222222222
    },
    "brain_tumor": {
      "precision": 0.14285714285714285,
      "recall": 0.10344827586206896,
      "f1": 0.12
    },
    "epilepsy": {
      "precision": 0.1388888888888889,
      "recall": 0.14285714285714285,
      "f1": 0.14084507042253522
    },
    "migraine": {
      "precision": 0.16,
      "recall": 0.16666666666666666,
      "f1": 0.16326530612244897
    },
    "none": {
      "precision": 1.0,
      "recall": 1.0,
      "f1": 1.0
    },
    "parkinson": {
      "precision": 0.23076923076923078,
      "recall": 0.0967741935483871,
      "f1": 0.13636363636363635
    }
  },
  "val_best_loss": 1.38780677318573
}