{
  "model": "CNN-LSTM",
  "target": "disease",
  "classes": [
    "alzheimer",
    "brain_stroke",
    "brain_tumor",
    "epilepsy",
    "migraine",
    "none",
    "parkinson"
  ],
  "params": 570503,
  "train_seconds": 15.62781286239624,
  "accuracy": 0.44,
  "macro_f1": 0.2014203194142151,
  "weighted_f1": 0.36405572091615374,
  "macro_precision": 0.31814257866889445,
  "macro_recall": 0.2748405257542394,
  "roc_auc_ovr": 0.7255221758596122,
  "confusion_matrix": [
    [
      0,
      0,
      1,
      22,
      0,
      0,
      0
    ],
    [
      0,
      0,
      2,
      27,
      0,
      1,
      0
    ],
    [
      0,
      1,
      1,
      26,
      0,
      1,
      0
    ],
    [
      0,
      0,
      5,
      30,
      0,
      0,
      0
    ],
    [
      0,
      0,
      2,
      21,
      0,
      1,
      0
    ],
    [
      0,
      0,
      0,
      0,
      0,
      78,
      0
    ],
    [
      0,
      0,
      4,
      26,
      0,
      0,
      1
    ]
  ],
  "per_class": {
    "alzheimer": {
      "precision": 0.0,
      "recall": 0.0,
      "f1": 0.0
    },
    "brain_stroke": {
      "precision": 0.0,
      "recall": 0.0,
      "f1": 0.0
    },
    "brain_tumor": {
      "precision": 0.06666666666666667,
      "recall": 0.034482758620689655,
      "f1": 0.045454545454545456
    },
    "epilepsy": {
      "precision": 0.19736842105263158,
      "recall": 0.8571428571428571,
      "f1": 0.32085561497326204
    },
    "migraine": {
      "precision": 0.0,
      "recall": 0.0,
      "f1": 0.0
    },
    "none": {
      "precision": 0.9629629629629629,
      "recall": 1.0,
      "f1": 0.9811320754716981
    },
    "parkinson": {
      "precision": 1.0,
      "recall": 0.03225806451612903,
      "f1": 0.0625
    }
  },
  "val_best_loss": 0.9963715672492981
}