{
  "model": "CNN 1D",
  "target": "disease",
  "classes": [
    "alzheimer",
    "brain_stroke",
    "brain_tumor",
    "epilepsy",
    "migraine",
    "none",
    "parkinson"
  ],
  "params": 17735,
  "train_seconds": 5.740511894226074,
  "accuracy": 0.44,
  "macro_f1": 0.29735033262378613,
  "weighted_f1": 0.4332757296415196,
  "macro_precision": 0.29890411687646706,
  "macro_recall": 0.30788975163504484,
  "roc_auc_ovr": 0.7334044128730083,
  "confusion_matrix": [
    [
      4,
      5,
      1,
      4,
      4,
      0,
      5
    ],
    [
      4,
      7,
      4,
      1,
      7,
      0,
      7
    ],
    [
      2,
      4,
      8,
      3,
      3,
      0,
      9
    ],
    [
      8,
      5,
      3,
      1,
      12,
      0,
      6
    ],
    [
      0,
      5,
      10,
      0,
      6,
      0,
      3
    ],
    [
      0,
      0,
      0,
      0,
      0,
      78,
      0
    ],
    [
      6,
      5,
      2,
      0,
      12,
      0,
      6
    ]
  ],
  "per_class": {
    "alzheimer": {
      "precision": 0.16666666666666666,
      "recall": 0.17391304347826086,
      "f1": 0.1702127659574468
    },
    "brain_stroke": {
      "precision": 0.22580645161290322,
      "recall": 0.23333333333333334,
      "f1": 0.22950819672131148
    },
    "brain_tumor": {
      "precision": 0.2857142857142857,
      "recall": 0.27586206896551724,
      "f1": 0.2807017543859649
    },
    "epilepsy": {
      "precision": 0.1111111111111111,
      "recall": 0.02857142857142857,
      "f1": 0.045454545454545456
    },
    "migraine": {
      "precision": 0.13636363636363635,
      "recall": 0.25,
      "f1": 0.17647058823529413
    },
    "none": {
      "precision": 1.0,
      "recall": 1.0,
      "f1": 1.0
    },
    "parkinson": {
      "precision": 0.16666666666666666,
      "recall": 0.1935483870967742,
      "f1": 0.1791044776119403
    }
  },
  "val_best_loss": 1.3231749534606934
}