{
  "model": "CNN-LSTM",
  "target": "disease",
  "classes": [
    "alzheimer",
    "brain_stroke",
    "brain_tumor",
    "epilepsy",
    "migraine",
    "none",
    "parkinson"
  ],
  "params": 570503,
  "train_seconds": 18.549526929855347,
  "accuracy": 0.436,
  "macro_f1": 0.2305881652245588,
  "weighted_f1": 0.38761275680998636,
  "macro_precision": 0.2301900070372977,
  "macro_recall": 0.28816529093026794,
  "roc_auc_ovr": 0.7295706330356556,
  "confusion_matrix": [
    [
      0,
      0,
      0,
      12,
      0,
      0,
      11
    ],
    [
      0,
      1,
      0,
      13,
      0,
      0,
      16
    ],
    [
      0,
      0,
      0,
      11,
      0,
      0,
      18
    ],
    [
      0,
      0,
      0,
      22,
      0,
      0,
      13
    ],
    [
      0,
      0,
      0,
      8,
      0,
      0,
      16
    ],
    [
      0,
      4,
      1,
      0,
      0,
      73,
      0
    ],
    [
      0,
      0,
      0,
      18,
      0,
      0,
      13
    ]
  ],
  "per_class": {
    "alzheimer": {
      "precision": 0.0,
      "recall": 0.0,
      "f1": 0.0
    },
    "brain_stroke": {
      "precision": 0.2,
      "recall": 0.03333333333333333,
      "f1": 0.05714285714285714
    },
    "brain_tumor": {
      "precision": 0.0,
      "recall": 0.0,
      "f1": 0.0
    },
    "epilepsy": {
      "precision": 0.2619047619047619,
      "recall": 0.6285714285714286,
      "f1": 0.3697478991596639
    },
    "migraine": {
      "precision": 0.0,
      "recall": 0.0,
      "f1": 0.0
    },
    "none": {
      "precision": 1.0,
      "recall": 0.9358974358974359,
      "f1": 0.9668874172185431
    },
    "parkinson": {
      "precision": 0.14942528735632185,
      "recall": 0.41935483870967744,
      "f1": 0.22033898305084745
    }
  },
  "val_best_loss": 0.917451798915863
}