{
  "model": "DNN Baseline",
  "target": "mood",
  "classes": [
    "happy",
    "neutral",
    "sad"
  ],
  "params": 47235,
  "train_seconds": 6.4664061069488525,
  "accuracy": 0.936,
  "macro_f1": 0.8652680260959569,
  "weighted_f1": 0.9289347830807417,
  "macro_precision": 0.9310603222180592,
  "macro_recall": 0.8324366406262959,
  "roc_auc_ovr": 0.9912554153562237,
  "confusion_matrix": [
    [
      76,
      1,
      0
    ],
    [
      0,
      15,
      14
    ],
    [
      0,
      1,
      143
    ]
  ],
  "per_class": {
    "happy": {
      "precision": 1.0,
      "recall": 0.987012987012987,
      "f1": 0.9934640522875817
    },
    "neutral": {
      "precision": 0.8823529411764706,
      "recall": 0.5172413793103449,
      "f1": 0.6521739130434783
    },
    "sad": {
      "precision": 0.910828025477707,
      "recall": 0.9930555555555556,
      "f1": 0.9501661129568106
    }
  },
  "val_best_loss": 0.14272359013557434
}