{
  "model": "LSTM",
  "target": "mood",
  "classes": [
    "happy",
    "neutral",
    "sad"
  ],
  "params": 121091,
  "train_seconds": 10.51710557937622,
  "accuracy": 0.972,
  "macro_f1": 0.9485477932697917,
  "weighted_f1": 0.9713876753025827,
  "macro_precision": 0.9630977130977131,
  "macro_recall": 0.9358849164883648,
  "roc_auc_ovr": 0.9981172752178636,
  "confusion_matrix": [
    [
      76,
      1,
      0
    ],
    [
      0,
      24,
      5
    ],
    [
      0,
      1,
      143
    ]
  ],
  "per_class": {
    "happy": {
      "precision": 1.0,
      "recall": 0.987012987012987,
      "f1": 0.9934640522875817
    },
    "neutral": {
      "precision": 0.9230769230769231,
      "recall": 0.8275862068965517,
      "f1": 0.8727272727272727
    },
    "sad": {
      "precision": 0.9662162162162162,
      "recall": 0.9930555555555556,
      "f1": 0.9794520547945206
    }
  },
  "val_best_loss": 0.05715817213058472
}