{
  "model": "CNN-LSTM",
  "target": "mood",
  "classes": [
    "happy",
    "neutral",
    "sad"
  ],
  "params": 840835,
  "train_seconds": 27.758203983306885,
  "accuracy": 0.96,
  "macro_f1": 0.9224915115326074,
  "weighted_f1": 0.9579627678257815,
  "macro_precision": 0.9490621606747087,
  "macro_recall": 0.9034163473818646,
  "roc_auc_ovr": 0.9911557421543931,
  "confusion_matrix": [
    [
      77,
      0,
      0
    ],
    [
      2,
      21,
      6
    ],
    [
      0,
      2,
      142
    ]
  ],
  "per_class": {
    "happy": {
      "precision": 0.9746835443037974,
      "recall": 1.0,
      "f1": 0.9871794871794872
    },
    "neutral": {
      "precision": 0.9130434782608695,
      "recall": 0.7241379310344828,
      "f1": 0.8076923076923077
    },
    "sad": {
      "precision": 0.9594594594594594,
      "recall": 0.9861111111111112,
      "f1": 0.9726027397260274
    }
  },
  "val_best_loss": 0.12854182720184326
}