{
  "model": "CNN-LSTM",
  "target": "mood",
  "classes": [
    "happy",
    "neutral",
    "sad"
  ],
  "params": 569987,
  "train_seconds": 22.53451442718506,
  "accuracy": 0.936,
  "macro_f1": 0.8809238284124129,
  "weighted_f1": 0.9340131912734653,
  "macro_precision": 0.8954007254007254,
  "macro_recall": 0.8691543928612894,
  "roc_auc_ovr": 0.9882141212513135,
  "confusion_matrix": [
    [
      76,
      1,
      0
    ],
    [
      1,
      19,
      9
    ],
    [
      0,
      5,
      139
    ]
  ],
  "per_class": {
    "happy": {
      "precision": 0.987012987012987,
      "recall": 0.987012987012987,
      "f1": 0.987012987012987
    },
    "neutral": {
      "precision": 0.76,
      "recall": 0.6551724137931034,
      "f1": 0.7037037037037037
    },
    "sad": {
      "precision": 0.9391891891891891,
      "recall": 0.9652777777777778,
      "f1": 0.952054794520548
    }
  },
  "val_best_loss": 0.1720968335866928
}