{
  "model": "CNN-LSTM",
  "target": "mood",
  "classes": [
    "happy",
    "neutral",
    "sad"
  ],
  "params": 840835,
  "train_seconds": 34.82489347457886,
  "accuracy": 0.96,
  "macro_f1": 0.9224981367838511,
  "weighted_f1": 0.9580188383045525,
  "macro_precision": 0.9511299328690633,
  "macro_recall": 0.9014021578676751,
  "roc_auc_ovr": 0.9834577972699806,
  "confusion_matrix": [
    [
      76,
      1,
      0
    ],
    [
      1,
      21,
      7
    ],
    [
      0,
      1,
      143
    ]
  ],
  "per_class": {
    "happy": {
      "precision": 0.987012987012987,
      "recall": 0.987012987012987,
      "f1": 0.987012987012987
    },
    "neutral": {
      "precision": 0.9130434782608695,
      "recall": 0.7241379310344828,
      "f1": 0.8076923076923077
    },
    "sad": {
      "precision": 0.9533333333333334,
      "recall": 0.9930555555555556,
      "f1": 0.9727891156462585
    }
  },
  "val_best_loss": 0.14677363634109497
}