{
  "model": "CNN-LSTM",
  "target": "mood",
  "classes": [
    "happy",
    "neutral",
    "sad"
  ],
  "params": 446595,
  "train_seconds": 14.084987163543701,
  "accuracy": 0.964,
  "macro_f1": 0.933107223418642,
  "weighted_f1": 0.9631179067760381,
  "macro_precision": 0.9439042406742101,
  "macro_recall": 0.9240900383141762,
  "roc_auc_ovr": 0.993563718048486,
  "confusion_matrix": [
    [
      77,
      0,
      0
    ],
    [
      2,
      23,
      4
    ],
    [
      0,
      3,
      141
    ]
  ],
  "per_class": {
    "happy": {
      "precision": 0.9746835443037974,
      "recall": 1.0,
      "f1": 0.9871794871794872
    },
    "neutral": {
      "precision": 0.8846153846153846,
      "recall": 0.7931034482758621,
      "f1": 0.8363636363636363
    },
    "sad": {
      "precision": 0.9724137931034482,
      "recall": 0.9791666666666666,
      "f1": 0.9757785467128027
    }
  },
  "val_best_loss": 0.07259617000818253
}