{
  "model": "CNN-LSTM",
  "target": "mood",
  "classes": [
    "happy",
    "neutral",
    "sad"
  ],
  "params": 569987,
  "train_seconds": 20.950397729873657,
  "accuracy": 0.948,
  "macro_f1": 0.8938517516858532,
  "weighted_f1": 0.9438037400138782,
  "macro_precision": 0.938382816014395,
  "macro_recall": 0.8669193992469855,
  "roc_auc_ovr": 0.9873172861424916,
  "confusion_matrix": [
    [
      76,
      1,
      0
    ],
    [
      2,
      18,
      9
    ],
    [
      0,
      1,
      143
    ]
  ],
  "per_class": {
    "happy": {
      "precision": 0.9743589743589743,
      "recall": 0.987012987012987,
      "f1": 0.9806451612903225
    },
    "neutral": {
      "precision": 0.9,
      "recall": 0.6206896551724138,
      "f1": 0.7346938775510204
    },
    "sad": {
      "precision": 0.9407894736842105,
      "recall": 0.9930555555555556,
      "f1": 0.9662162162162162
    }
  },
  "val_best_loss": 0.1775978058576584
}