{
  "model": "Ensemble SoftVote (DNN+CNN+LSTM+RNN)",
  "target": "mood",
  "classes": [
    "happy",
    "neutral",
    "sad"
  ],
  "params": 0,
  "train_seconds": 0.0,
  "accuracy": 0.948,
  "macro_f1": 0.8911822351538663,
  "weighted_f1": 0.9426328423349699,
  "macro_precision": 0.951256170541353,
  "macro_recall": 0.8597541507024266,
  "roc_auc_ovr": 0.9976721832628592,
  "confusion_matrix": [
    [
      77,
      0,
      0
    ],
    [
      2,
      17,
      10
    ],
    [
      0,
      1,
      143
    ]
  ],
  "per_class": {
    "happy": {
      "precision": 0.9746835443037974,
      "recall": 1.0,
      "f1": 0.9871794871794872
    },
    "neutral": {
      "precision": 0.9444444444444444,
      "recall": 0.5862068965517241,
      "f1": 0.723404255319149
    },
    "sad": {
      "precision": 0.934640522875817,
      "recall": 0.9930555555555556,
      "f1": 0.9629629629629629
    }
  },
  "base_models": [
    "dnn_baseline_mood.h5",
    "cnn_1d_mood.h5",
    "lstm_mood.h5",
    "rnn_mood.h5"
  ]
}