{
  "model": "DNN Baseline",
  "target": "mood",
  "classes": [
    "happy",
    "neutral",
    "sad"
  ],
  "params": 47235,
  "train_seconds": 6.295241832733154,
  "accuracy": 0.936,
  "macro_f1": 0.8641245114837178,
  "weighted_f1": 0.9286430532797617,
  "macro_precision": 0.9263714691860633,
  "macro_recall": 0.8344508301404853,
  "roc_auc_ovr": 0.9811421326073672,
  "confusion_matrix": [
    [
      77,
      0,
      0
    ],
    [
      2,
      15,
      12
    ],
    [
      0,
      2,
      142
    ]
  ],
  "per_class": {
    "happy": {
      "precision": 0.9746835443037974,
      "recall": 1.0,
      "f1": 0.9871794871794872
    },
    "neutral": {
      "precision": 0.8823529411764706,
      "recall": 0.5172413793103449,
      "f1": 0.6521739130434783
    },
    "sad": {
      "precision": 0.922077922077922,
      "recall": 0.9861111111111112,
      "f1": 0.9530201342281879
    }
  },
  "val_best_loss": 0.11184001713991165
}