{
  "model": "CNN-LSTM",
  "target": "mood",
  "classes": [
    "happy",
    "neutral",
    "sad"
  ],
  "params": 840835,
  "train_seconds": 34.35003900527954,
  "accuracy": 0.952,
  "macro_f1": 0.9183172986229012,
  "weighted_f1": 0.9525813242784379,
  "macro_precision": 0.9110014137467809,
  "macro_recall": 0.9263250319284801,
  "roc_auc_ovr": 0.9937102126361682,
  "confusion_matrix": [
    [
      77,
      0,
      0
    ],
    [
      1,
      24,
      4
    ],
    [
      0,
      7,
      137
    ]
  ],
  "per_class": {
    "happy": {
      "precision": 0.9871794871794872,
      "recall": 1.0,
      "f1": 0.9935483870967742
    },
    "neutral": {
      "precision": 0.7741935483870968,
      "recall": 0.8275862068965517,
      "f1": 0.8
    },
    "sad": {
      "precision": 0.9716312056737588,
      "recall": 0.9513888888888888,
      "f1": 0.9614035087719298
    }
  },
  "val_best_loss": 0.1552962064743042
}