{
  "model": "LSTM",
  "target": "mood",
  "classes": [
    "happy",
    "neutral",
    "sad"
  ],
  "params": 121091,
  "train_seconds": 18.787274599075317,
  "accuracy": 0.972,
  "macro_f1": 0.9475193763853557,
  "weighted_f1": 0.9713394564198687,
  "macro_precision": 0.9609596752453896,
  "macro_recall": 0.9358849164883648,
  "roc_auc_ovr": 0.9976980282131654,
  "confusion_matrix": [
    [
      76,
      1,
      0
    ],
    [
      1,
      24,
      4
    ],
    [
      0,
      1,
      143
    ]
  ],
  "per_class": {
    "happy": {
      "precision": 0.987012987012987,
      "recall": 0.987012987012987,
      "f1": 0.987012987012987
    },
    "neutral": {
      "precision": 0.9230769230769231,
      "recall": 0.8275862068965517,
      "f1": 0.8727272727272727
    },
    "sad": {
      "precision": 0.9727891156462585,
      "recall": 0.9930555555555556,
      "f1": 0.9828178694158075
    }
  },
  "val_best_loss": 0.044396743178367615
}