{
  "model": "RNN",
  "target": "mood",
  "classes": [
    "happy",
    "neutral",
    "sad"
  ],
  "params": 34115,
  "train_seconds": 4.329369306564331,
  "accuracy": 0.872,
  "macro_f1": 0.619197055162734,
  "weighted_f1": 0.8183139747358384,
  "macro_precision": 0.5833627153703312,
  "macro_recall": 0.6597222222222222,
  "roc_auc_ovr": 0.9384974035479742,
  "confusion_matrix": [
    [
      77,
      0,
      0
    ],
    [
      7,
      0,
      22
    ],
    [
      3,
      0,
      141
    ]
  ],
  "per_class": {
    "happy": {
      "precision": 0.8850574712643678,
      "recall": 1.0,
      "f1": 0.9390243902439024
    },
    "neutral": {
      "precision": 0.0,
      "recall": 0.0,
      "f1": 0.0
    },
    "sad": {
      "precision": 0.8650306748466258,
      "recall": 0.9791666666666666,
      "f1": 0.9185667752442996
    }
  },
  "val_best_loss": 0.2953207492828369
}