{
  "model": "Transformer Encoder",
  "target": "mood",
  "classes": [
    "happy",
    "neutral",
    "sad"
  ],
  "params": 10915,
  "train_seconds": 5.347663164138794,
  "accuracy": 0.68,
  "macro_f1": 0.4704096910303526,
  "weighted_f1": 0.6365066557778685,
  "macro_precision": 0.44856887298747766,
  "macro_recall": 0.49624218374218376,
  "roc_auc_ovr": 0.7590349247523956,
  "confusion_matrix": [
    [
      51,
      0,
      26
    ],
    [
      2,
      0,
      27
    ],
    [
      25,
      0,
      119
    ]
  ],
  "per_class": {
    "happy": {
      "precision": 0.6538461538461539,
      "recall": 0.6623376623376623,
      "f1": 0.6580645161290323
    },
    "neutral": {
      "precision": 0.0,
      "recall": 0.0,
      "f1": 0.0
    },
    "sad": {
      "precision": 0.6918604651162791,
      "recall": 0.8263888888888888,
      "f1": 0.7531645569620253
    }
  },
  "val_best_loss": 0.6547563076019287
}